images (18).jpeg,situp-down,167.4901,38.45584,17.00468,173.49482,35.47099,7.33374,174.52648,35.75888,7.34488,175.61095,36.00222,7.29166,173.08695,35.32726,21.96542,173.83671,35.57167,22.00748,174.66555,35.7657,22.00049,182.29915,41.05185,-15.2385,180.57054,40.48559,51.00897,167.48779,43.96437,8.63837,166.57928,43.70559,27.79516,175.83309,65.1164,-41.33237,170.40214,56.98391,74.84371,175.89563,43.32904,-44.42271,159.32456,52.7109,129.35655,183.86067,48.34916,52.26138,181.18846,46.33693,146.17326,187.07838,48.56076,58.75996,183.46638,48.92077,143.56249,186.20779,52.41674,57.66199,182.14747,48.10527,143.61269,184.71585,52.22259,54.13834,180.18115,48.898,144.7657,88.02061,86.94754,-44.7011,88.29086,82.30108,44.70052,43.68782,25.62975,-69.78766,45.91774,24.99377,27.14732,13.65762,74.41841,-31.3931,14.63748,69.77925,49.14062,17.40819,84.88067,-24.32156,17.33958,81.23242,49.40068,-27.31915,81.33391,-1.55714,-18.78385,77.53318,47.95735
images (50).jpeg,situp-down,43.22315,113.76413,-40.97589,40.38913,114.29882,-34.44781,40.63621,114.16888,-34.41336,40.86229,114.08606,-34.43652,39.39429,116.32333,-44.66884,38.93308,117.47793,-44.65653,38.46293,118.71247,-44.6427,42.40971,118.20704,7.7116,39.15655,125.30777,-39.79166,48.06532,115.19411,-24.96492,46.81685,117.50598,-38.85495,70.6941,116.35562,45.96904,56.84297,140.15277,-40.18992,67.15061,101.59106,106.14577,27.71698,155.39425,-38.95627,49.8938,113.10301,167.15343,34.24431,138.04422,46.57286,45.56986,115.39597,173.40404,35.09179,136.66183,50.29917,45.82407,117.63227,178.50096,37.02565,137.27075,58.87323,46.80507,118.24808,168.61108,37.36847,137.57058,50.41012,135.08721,121.67409,32.72397,131.74359,139.04412,-32.7505,178.34804,95.42721,1.34531,181.90728,116.8691,-52.61506,213.56949,127.29421,31.31375,216.60572,153.1169,-26.23876,213.46741,134.93856,34.05862,217.33992,159.50634,-23.22235,239.23377,130.53354,18.54863,246.06747,156.07902,-40.42888
man-doing-sit-ups-exercise-abdominals-exercise-flat-vector-illustration-man-doing-sit-ups-exercise-abdominals-exercise-flat-vector-201076158.jpg,situp-down,67.81213,115.67328,-26.03631,54.60118,127.62753,-18.28779,54.42056,129.87914,-18.26429,54.19173,132.27174,-18.29151,53.78654,128.5476,-63.12828,53.03861,131.18193,-63.11847,52.19471,133.9305,-63.19559,61.63119,153.11901,45.98756,58.81903,154.01619,-158.67083,81.77609,121.85402,0.89069,80.71091,122.81265,-58.72169,125.07013,156.29271,145.24111,123.16921,182.74839,-207.96454,59.78944,154.07523,361.37648,43.948,219.36661,-198.27849,48.10871,149.32661,519.41996,33.38611,152.99484,128.07174,40.45882,150.01703,530.05566,34.17889,144.94873,140.60266,48.81736,152.58899,518.41992,38.91304,143.04371,166.34236,51.2825,152.2349,510.13516,40.85766,145.25795,144.35329,340.87526,144.10334,133.24509,347.93291,171.45733,-133.13805,429.90781,25.94376,128.15027,442.86323,37.89495,-175.62602,515.28362,149.50545,222.15232,532.06426,160.17033,-65.01648,508.16274,182.24204,231.51754,523.26851,192.99397,-48.20772,580.66572,163.91051,237.6425,612.05071,179.96958,-32.63342
pexels-photo-4853729.jpeg,situp-down,3335.93126,666.86083,697.46561,3437.74294,652.15491,546.90208,3448.06686,663.22056,546.90784,3460.38609,675.11338,546.18396,3428.61488,640.36593,774.60231,3431.53932,641.90138,775.08821,3436.53899,644.6095,774.73426,3536.81846,793.56315,210.88176,3504.908,767.85423,1222.09957,3289.39958,745.89817,587.98632,3274.54227,733.60649,879.68349,3342.98041,1258.48428,-464.33243,3158.29274,981.5269,1764.45061,2840.36024,1442.65697,-864.29695,2487.64433,984.71195,1135.3206,2799.13148,797.61678,-314.84414,2632.38466,667.14565,-437.90037,2685.47862,692.01195,-347.61491,2585.32467,625.01037,-621.50094,2751.97172,665.01681,-223.7782,2648.4746,642.06628,-617.57192,2796.72603,703.46049,-216.69524,2675.46703,657.33602,-496.27691,1956.45318,1204.45247,-708.20213,1997.77044,1051.8835,705.7585,1148.38681,263.59783,-838.68983,1198.67634,228.08934,504.0645,606.81389,1053.9703,-516.51684,836.44159,978.50907,965.81488,629.08392,1245.44384,-464.52954,867.65666,1170.01363,985.00902,105.6579,1190.6774,-499.3071,390.82864,1140.48389,797.29774
pexels-photo-8070393 (1).jpeg,situp-down,345.43812,457.54145,-452.16835,349.86931,471.9311,-487.10907,346.17829,480.89013,-487.0396,341.82662,491.72106,-487.30969,362.38012,456.68954,-454.18182,366.97543,454.90806,-454.20751,371.4017,453.54366,-454.36484,345.66897,529.19734,-504.7583,384.64299,472.49982,-353.28934,327.20724,478.67838,-441.94046,343.04678,460.29139,-398.99373,246.78528,594.63112,-452.88274,383.27974,492.51705,-250.1269,202.65737,501.38475,-674.91645,455.91566,374.40214,-271.16907,379.22353,552.10939,-848.34445,508.20625,400.90701,-346.0407,428.49359,560.47118,-878.79175,525.6474,410.88952,-345.16284,438.78835,571.02929,-853.10274,520.76191,419.87085,-329.95048,424.63887,566.74969,-838.42468,508.1265,418.49327,-342.13322,90.13806,378.39317,-69.72016,182.85742,325.4385,69.84963,6.07918,121.57472,-187.91933,151.82114,70.59619,-25.29354,49.23546,237.58435,350.05119,127.56076,213.94676,507.69275,61.41661,272.36916,421.20728,123.2646,240.84342,576.2459,58.01726,206.78922,568.45611,98.27851,195.10301,720.79813
qs_overheadCrunch2_mb.jpg,situp-down,625.26585,362.96996,-2.88479,640.94391,370.99648,-30.74395,641.51043,375.06883,-30.82989,642.0313,379.25251,-30.84548,640.86839,366.69748,8.09468,641.30281,366.99284,8.05841,641.72176,367.43523,7.96318,636.22522,408.09788,-87.87939,636.64708,393.1534,83.39879,605.85253,374.9195,-18.91239,606.572,369.12531,31.22079,557.48702,451.86786,-180.25886,548.30757,379.27783,203.9779,496.12592,357.81885,-256.68997,502.21222,296.08044,313.19901,490.77867,238.85454,-281.37084,496.59973,206.29434,280.08447,486.25871,202.25878,-316.22851,493.59783,162.48321,277.18548,506.49482,201.40195,-303.89314,509.24976,163.29015,239.82406,507.41357,212.77087,-274.69437,510.62851,178.40566,259.37155,291.77201,447.93874,-100.06634,299.58713,395.00341,99.79781,114.09551,379.1361,-148.50121,146.7266,332.80691,48.53269,-1.53928,458.60308,-42.55589,18.61767,416.63821,168.5492,-27.73714,489.60103,-31.3761,14.20164,443.00309,179.05946,-89.00738,422.659,-76.21189,-16.31905,389.71511,135.42657
sit-up-abs.jpg,situp-down,112.53637,114.68194,-35.32985,102.66364,112.63512,-26.47838,101.98928,112.70967,-26.57833,101.28277,112.77727,-26.71145,101.17085,114.60082,-51.00565,99.30575,116.36643,-51.02932,97.27763,118.39097,-51.05416,94.12072,123.58778,14.18461,89.15926,131.86516,-93.23166,118.09254,123.99153,-17.10792,116.16173,127.02221,-48.43245,129.3835,164.37115,86.41571,122.21813,178.43301,-157.15242,209.24461,197.85563,110.72502,213.00379,211.5415,-158.49811,278.07837,205.39649,97.55997,297.70828,214.95874,-79.36635,294.81821,201.53307,99.94075,313.75189,217.3891,-93.66558,297.5242,199.73453,82.73984,315.10479,210.50784,-85.29827,293.03158,201.60665,88.13296,308.50079,210.15184,-75.32099,246.17157,232.92448,73.54051,254.95693,241.40915,-73.50286,298.42121,136.55622,137.00447,308.86143,139.2884,-37.91141,353.28693,165.76568,236.85493,359.54769,160.58066,96.43663,356.57101,180.90999,245.36692,360.14175,178.56084,114.03255,382.2728,147.73232,255.38584,392.85236,126.53696,143.6362
sit-up-girl-pixa.jpg,situp-down,101.50013,199.96197,-27.20688,89.76746,197.77198,-15.71963,89.28787,198.24152,-15.77872,88.66587,198.78218,-15.91745,88.325,199.30115,-46.47418,86.91267,200.97054,-46.41786,85.24015,202.92683,-46.38915,83.50903,214.00771,63.30704,76.79245,222.49914,-80.73237,110.94934,208.95449,2.78734,109.26189,210.60663,-39.23673,133.524,234.82152,120.23515,113.839,287.04988,-106.69456,145.28921,149.89316,232.70452,104.48952,230.19839,-244.92649,84.20227,197.39016,296.19619,51.50446,248.05147,-193.91024,66.50285,204.54058,296.49256,40.98419,251.14661,-201.95137,69.6059,212.93503,321.11168,48.56136,257.83331,-201.0463,77.51518,212.55877,304.3038,54.52789,256.44854,-194.04028,325.68703,247.14122,90.50892,330.92155,282.36438,-90.26976,431.81683,131.16434,56.77435,460.76088,160.57967,-118.88612,516.30493,242.59683,85.2639,541.8523,297.6871,-83.71277,517.00981,266.1535,86.40501,547.27669,321.07464,-76.44692,563.25695,223.94789,65.19787,616.26152,291.37397,-85.52366
sit-ups (1) copy.jpg,situp-down,31.67899,57.82899,26.62879,26.2132,60.48715,31.2573,26.08313,60.75793,31.237,26.04556,61.07047,31.2149,26.18256,61.9597,16.22549,26.0331,63.31652,16.18571,26.01373,64.84438,16.14053,28.02304,67.63562,62.66862,28.46745,72.59648,-3.23613,37.41107,59.01001,39.73921,37.71683,60.95762,20.59091,63.05371,68.6355,109.08985,57.42762,77.13006,-44.09696,102.99759,52.25192,65.54762,98.65803,48.8103,-24.9857,76.47001,55.38829,-32.25833,73.2205,48.46407,86.29168,70.37871,59.86328,-43.8369,67.52798,50.48968,96.58449,67.81374,61.45695,-31.23166,65.91075,53.82144,93.76081,69.47646,61.08562,-31.209,67.72926,54.40742,89.87604,145.30858,68.16552,49.93345,146.07873,76.75011,-49.94227,189.57451,15.00953,43.30401,191.95698,21.5553,-56.41922,226.11696,71.67411,72.39368,233.05901,81.96845,-24.66682,222.15478,83.27358,75.40006,227.96456,92.27242,-19.12657,254.80666,81.27334,74.44287,263.86703,91.62762,-13.21671
"sit-ups-with-reach-ups_2.jpg.400x330_q95_crop-,_filters-detail.jpg",situp-down,44.36174,126.8597,74.66188,40.319,126.823,81.66841,40.35244,127.24303,81.66026,40.34567,127.67825,81.62825,38.71243,127.42568,68.58468,37.69668,128.3334,68.59945,36.70256,129.3366,68.54548,38.95978,134.86045,111.97731,34.93207,136.72665,51.01437,48.56594,131.4668,86.16519,46.34781,131.76835,68.11525,71.6187,146.44337,134.27714,43.0483,152.74033,0.20398,84.55915,108.41768,160.9364,64.79181,108.10757,-32.31031,83.80983,67.0708,165.23054,73.32677,64.26341,0.1026,85.36342,53.97987,167.51286,77.14964,51.48076,-2.59697,82.14503,51.8517,157.89338,74.22575,50.52288,7.55303,81.41049,56.82552,160.09108,73.37421,55.00112,6.06101,134.5274,160.80275,41.42605,120.40981,167.26278,-41.46147,198.7052,127.2034,4.05287,168.86436,133.01141,-97.725,251.34934,171.13181,-8.5182,217.55877,180.27365,-106.96376,251.61485,180.70779,-10.80101,216.72028,191.51383,-105.43482,281.79946,177.44243,-26.58036,258.18624,184.35815,-107.83852
v4-460px-Increase-the-Number-of-Sit-Ups-You-Can-Do-Step-5.jpg.jpeg,situp-down,76.00412,181.63974,-51.60871,68.23897,186.37023,-43.93146,68.43708,186.71685,-43.9544,68.52688,187.277,-43.98062,66.73614,189.31547,-58.95455,66.02101,191.67823,-58.97046,65.31185,194.27729,-58.95927,72.51076,197.81682,11.33588,70.13086,206.34913,-60.48099,84.23937,184.22043,-32.27245,83.57285,186.93263,-53.06819,116.88205,196.96184,55.91775,109.65099,223.95091,-63.27161,74.20684,200.94814,152.47814,66.45199,260.0826,-82.32653,75.78202,213.95297,259.53945,77.72031,223.01895,36.52863,69.80231,223.22946,260.26269,78.60814,216.4884,39.66782,78.15885,220.60398,264.18921,86.26579,212.80888,58.50759,80.59449,220.5834,258.49742,82.18097,219.81074,44.77579,251.35821,203.49638,53.28578,252.00843,220.67014,-53.2954,310.17919,126.10345,41.65145,312.56264,136.20731,-65.05766,350.05988,209.90085,58.86599,358.01835,225.63678,-47.0979,344.69555,227.5368,60.70057,350.1817,242.27397,-41.38403,395.4435,230.3098,68.30348,405.79363,244.89996,-20.25868
woman-lying-floor-while-doing-sit-ups_1163-885.jpg,situp-down,91.48194,203.48811,30.42519,80.66351,212.41262,42.59902,80.58129,213.59633,42.50604,80.55178,214.82043,42.53794,80.99016,214.06859,9.88099,81.14835,216.31136,9.85643,81.38477,218.71967,9.80972,87.49755,229.54064,102.22751,87.91185,232.99555,-43.37635,104.11971,205.85929,54.99562,104.52774,208.56508,12.52872,162.0553,236.41465,196.14307,157.17437,253.48161,-149.38049,256.95016,248.31807,227.50717,254.323,267.04822,-201.9643,333.51784,253.67003,181.30675,342.8791,271.27306,-206.92786,356.22229,255.29802,176.30217,372.71013,279.22654,-247.69692,358.31297,256.1856,147.95624,375.51548,275.70182,-236.7694,351.26143,255.08814,166.0842,366.32356,271.84229,-203.98054,339.5121,231.79744,101.07146,349.1985,247.95197,-100.73781,364.81551,97.98177,107.76766,370.38528,99.1979,-96.32384,496.27414,84.22455,202.3416,510.12544,79.36892,23.49449,518.51527,106.74338,207.28595,531.89649,102.53597,37.99367,532.61095,28.75799,185.38415,545.89516,18.93117,49.67444
Tip-Never-Do-Twisting-Sit-Ups.jpg,situp-up,185.16243,102.98804,88.86764,187.69746,87.94305,112.6936,191.78496,85.89987,112.75094,195.91567,84.00053,112.65785,178.47655,92.80941,117.30843,175.90464,94.21241,117.30436,173.44121,95.44761,117.21968,207.29522,81.53338,214.73873,175.84994,96.08288,235.61352,199.9941,108.72642,121.22429,187.44954,114.09623,126.80647,264.77515,106.13174,265.68485,162.43214,135.13698,209.28023,309.11231,64.85731,206.9823,73.60014,121.77091,231.03324,225.25193,58.52443,239.08575,151.62037,81.7971,450.9638,205.35215,57.13377,227.07696,166.76292,71.31235,473.02885,205.43515,64.31608,280.40487,169.79999,78.7487,488.68468,212.92633,69.9657,256.48523,166.29027,84.86451,457.89838,310.52435,239.91418,62.46505,274.51291,272.79562,-62.56115,388.99512,139.6069,-78.3793,373.1761,150.18473,-225.98801,494.46305,270.80878,-211.04636,483.10202,281.14002,-279.40398,488.65149,299.36068,-226.11723,475.97789,313.17278,-279.43035,565.77404,300.41155,-325.75538,561.52009,303.77589,-340.02181
images (65).jpeg,situp-up,157.30379,30.46274,-21.71217,148.71693,22.84592,-17.56908,148.52885,23.52186,-17.56165,153.52343,27.03288,-17.58985,148.18694,23.52838,-28.56211,148.01832,24.36018,-28.59346,147.8106,25.22204,-28.63806,150.79994,31.47884,8.16875,146.59631,31.54191,-41.34111,159.17277,35.54634,-10.71726,157.35681,36.27848,-25.06938,153.17256,51.14273,36.60244,146.17159,57.85117,-62.19182,137.75304,56.73878,77.94788,105.13527,36.77593,-107.25493,148.16625,58.44185,140.15012,150.68583,41.88776,-122.72921,149.70574,57.59143,156.19535,159.00453,43.19741,-133.81229,151.2034,60.10654,148.72076,163.69059,43.10055,-117.71698,149.5205,61.07665,138.7904,160.80655,43.18685,-117.0006,107.79207,114.85533,31.64947,103.76432,124.06901,-31.47757,62.43744,101.66866,69.43325,55.11377,122.95435,-68.32902,26.72231,68.57911,102.64567,16.08159,78.75441,-66.889,24.29709,62.08987,105.35043,16.94981,66.02651,-64.86162,9.8303,64.07363,91.71764,-0.8462,72.96519,-77.37195
istockphoto-1269883929-612x612.jpg,situp-up,109.66882,54.56399,36.95527,110.33336,46.03313,59.81003,111.80246,46.77938,59.81254,113.32807,47.63442,59.79552,103.51221,43.99024,45.85187,99.58264,43.39702,45.79051,95.03792,42.97764,45.70199,108.7949,50.77277,162.4447,79.82488,47.13571,95.55493,110.57122,66.19785,71.66359,102.03293,65.07811,51.89906,125.2376,100.52835,194.897,42.03282,93.60113,71.54047,192.65432,88.1823,122.31421,26.4283,80.89814,36.90851,134.23946,50.75586,70.1203,67.82314,41.32854,182.49194,119.78822,42.41232,52.68104,74.39089,30.94375,193.75444,116.94737,45.04145,92.73845,74.14428,38.6387,195.05306,119.84069,49.40368,81.53295,73.30293,44.3659,185.16009,131.39538,228.62876,61.36287,80.99274,235.3746,-61.34542,222.39646,131.15026,12.83284,124.9435,126.38082,-161.13265,271.37534,251.70691,-97.78524,186.76847,267.18036,-213.84326,260.75417,279.95654,-111.32439,183.28292,297.06202,-215.20151,331.47413,278.53053,-172.19409,246.60398,309.2353,-266.82729
maxresdefault (1).jpg,situp-up,196.21148,137.54623,144.60909,198.19959,123.66198,153.92024,197.26201,122.62821,153.81558,196.03012,121.44552,153.77266,197.43052,124.03823,104.25752,196.06716,123.52681,104.25859,194.38924,122.99753,104.29907,175.37116,115.38358,216.93304,171.48481,116.39808,-10.33232,187.02114,147.47487,171.7615,185.4697,148.24191,105.51635,139.08507,150.18201,328.87207,132.98296,167.80822,-139.53533,251.23759,128.13987,559.42165,260.78095,136.96682,-162.10939,170.92868,71.66585,663.65112,177.00787,82.10506,32.26981,153.82157,51.65703,678.4904,159.86838,61.06547,25.33549,142.53164,66.23254,688.39007,143.33503,72.32931,11.79771,149.51976,73.87073,665.49141,148.44762,77.62492,30.69032,246.20647,328.02088,168.21933,241.49555,361.56175,-167.81755,407.00243,209.42478,109.89488,413.58078,217.72529,-200.09804,561.43519,344.25342,102.97264,572.88525,360.29265,-136.42418,560.5578,378.31498,97.32333,566.70396,395.79132,-119.27801,656.47517,384.42729,34.12826,673.51635,395.91107,-111.09883
maxresdefault (2).jpg,situp-up,152.84045,62.93169,-9.11819,144.09125,51.19584,2.53077,142.68126,50.7654,2.3961,141.1886,50.38037,2.25638,143.1191,52.70944,-44.81893,141.05419,53.34609,-44.86134,138.72864,54.11906,-44.87552,124.08617,60.19811,67.33189,120.77716,64.26462,-145.35667,150.17876,78.6619,19.74002,148.60406,79.94843,-42.47169,116.95329,122.04917,193.43643,120.92162,139.75383,-229.76885,210.95873,137.80548,372.26894,227.90543,140.58371,-216.14464,158.53537,78.22249,458.74787,168.16727,70.94262,-7.71061,136.30297,57.99517,484.38043,144.83183,54.67601,-2.31065,127.02468,68.17455,490.73813,135.02399,64.32765,-12.72991,131.76831,79.52813,461.5661,140.57691,72.42515,-5.41491,221.61674,261.99407,142.94095,223.0853,291.75666,-142.57057,339.01343,169.34091,152.40673,350.44473,182.8862,-204.6626,467.39821,265.02313,207.40805,496.36378,289.38412,-174.2805,480.4378,290.89706,209.7909,509.21517,317.29142,-167.83871,536.73133,223.60966,185.42362,564.0111,244.43734,-187.85606
maxresdefault.jpg,situp-up,184.19889,79.40731,-70.76907,189.01138,66.15584,-88.65376,191.41685,65.59506,-88.64822,193.91675,64.94518,-88.65985,186.68986,65.69022,-56.08337,187.41231,64.88763,-56.16228,188.24942,63.99211,-56.2139,215.30476,65.39925,-134.65947,207.29247,64.41202,11.36234,195.46596,90.65521,-87.19383,192.58369,90.13457,-44.82343,257.3077,135.87433,-219.72325,238.66427,121.88119,114.43311,231.45262,236.98658,-233.42817,209.888,210.06306,146.73533,171.40516,301.20826,-165.29956,156.57504,255.48011,95.8143,152.62257,319.58551,-195.11839,142.19997,266.62359,94.10509,144.60205,310.92783,-189.24804,136.61174,267.13215,61.7599,146.77248,304.36251,-162.59075,141.39954,266.01765,79.11562,288.19637,291.31888,-92.50408,274.91015,269.01871,92.54992,179.88713,180.00629,-106.97812,170.36418,166.54434,119.26606,102.50543,279.91025,29.53782,101.36589,270.06482,142.77201,115.44936,315.67697,43.12293,100.2095,290.19797,140.5518,33.94023,303.68893,38.28868,37.48003,291.51071,115.79619
pexels-photo-3076516.jpeg,situp-up,193.79085,58.65632,135.8825,193.14653,51.16588,155.10356,194.15528,51.27958,155.04807,195.17474,51.48726,154.98424,187.6895,51.5421,136.61243,184.21566,51.82736,136.61951,180.2339,52.10179,136.62605,187.6041,56.86208,237.91988,167.19469,56.69554,152.63885,194.22713,70.78142,164.10103,188.21257,70.30439,138.8808,209.13133,103.6251,254.41679,137.45189,105.82177,100.03188,280.3905,109.40277,194.48973,168.48929,126.85801,3.19239,222.89942,60.89357,79.14053,154.44118,71.87144,-9.64619,209.32122,47.22973,53.36531,149.1307,60.88327,-14.54694,203.89709,51.30768,72.62813,149.0697,66.73662,-21.46278,205.85838,58.00148,82.32111,153.92379,71.69457,-11.55091,246.30155,211.52413,69.65976,211.27489,222.87167,-69.5946,323.06182,107.10616,20.34877,295.58021,116.5039,-114.87931,402.17423,226.82517,-80.20475,388.90356,234.40311,-180.85296,392.55783,256.50513,-91.82913,382.45612,261.14725,-180.44347,467.14374,258.27314,-139.28904,468.65016,262.82868,-191.9165
pexels-photo-4853726.jpeg,situp-up,76.70653,67.77858,17.57255,80.06796,59.21535,5.05339,81.0361,59.40596,5.07187,81.99426,59.48288,5.05538,80.04659,58.46086,18.1096,80.97856,58.15246,18.09773,81.89333,57.79071,18.03391,92.4172,61.72706,-23.28486,93.1069,61.64844,36.25656,85.61977,73.54172,9.26068,82.70808,74.85511,26.38548,103.58793,87.47254,-57.4897,102.17177,88.63102,71.91116,89.28906,98.11382,-75.61617,81.67173,131.95491,97.75636,82.27478,72.44326,-48.2219,71.28226,145.99107,83.77048,83.70841,68.02607,-53.65147,68.61512,154.27749,84.63738,87.71544,65.67887,-55.88732,68.85601,150.93892,74.32255,87.93222,68.32077,-48.80486,69.741,147.77811,78.84184,81.61115,180.2628,-47.65948,81.71024,176.58407,47.50557,22.56031,116.88885,-45.70862,26.54891,124.80101,77.19253,-5.89611,172.46404,6.29713,-3.20417,172.73524,72.57825,-2.05914,185.18566,13.96113,-1.84198,183.75491,71.94118,-33.94938,171.54291,32.96578,-26.39283,174.28356,71.98561
pexels-photo-7187891 (1).jpeg,situp-up,879.24311,607.25728,-2218.83845,852.69198,520.12867,-2119.72492,857.26186,511.34876,-2120.5489,861.04449,503.32756,-2121.55681,810.61057,548.37672,-2276.49754,779.88399,558.17816,-2276.65651,742.24841,565.88783,-2276.66143,772.94074,528.22655,-1430.60267,583.8173,599.51648,-2137.03249,891.78777,677.0879,-1943.13043,836.38325,708.05169,-2145.45256,995.82838,758.34505,-784.45084,483.77004,1174.7944,-2337.94437,1598.69175,959.76355,-879.11499,1273.60513,1542.20106,-2631.40374,2365.87973,1066.2286,-1461.56718,2108.8021,1513.86324,-2717.65184,2639.14139,1093.66309,-1648.71121,2297.56881,1537.47726,-3011.37748,2567.74918,1095.3085,-1841.36028,2302.10028,1390.61221,-3029.09684,2440.85112,1226.07363,-1556.18132,2252.3942,1367.36059,-2721.33927,1468.76926,1607.1081,512.62433,1260.57686,1964.39989,-513.71901,2087.61369,970.97011,-8.93406,2006.08781,1628.92027,-1822.32832,2347.66398,1577.91965,543.37054,2334.41571,2246.56585,-500.72462,2287.82687,1731.31899,604.72577,2270.70419,2373.66678,-329.19602,2781.48409,1673.168,444.25635,2842.98258,2513.98856,-291.75094
sit-up-1672248718.jpeg,situp-up,224.96866,158.13571,-53.09087,204.2473,141.9448,-25.43257,202.8499,141.42438,-25.47714,201.45824,141.13749,-25.48034,200.14511,147.01087,-87.08214,195.68353,149.87533,-87.18632,190.47268,153.50276,-87.13587,179.94617,164.29744,132.35819,158.20782,181.15618,-143.11942,228.59193,184.66419,9.47991,223.81992,189.41801,-70.3626,190.89302,289.21567,274.52295,153.61249,352.66461,-245.4269,280.40628,439.1784,158.36909,211.75505,562.34682,-159.88262,295.11819,350.95972,-298.70917,302.47358,389.50887,190.63636,316.87698,326.52316,-351.82157,322.97914,356.70288,213.48863,300.28614,308.03646,-346.17106,302.07192,333.99588,214.73941,290.2004,315.28119,-311.23596,292.34439,341.18325,208.29262,342.69186,516.94182,185.84696,336.82809,594.89921,-185.52965,601.59823,368.17294,166.25002,639.5311,417.01105,-288.19179,827.86287,514.05232,136.68542,879.9495,562.61781,-181.24476,839.0786,556.13427,129.73157,877.50527,605.26394,-153.85308,940.97579,496.93978,63.40172,986.4926,575.34407,-133.73171
sit-ups (1).jpg,situp-up,69.66707,21.69964,-9.22163,65.49372,16.64278,-3.64189,64.93223,16.7143,-3.66208,64.30572,16.85534,-3.68315,64.72788,16.91483,-21.13261,63.67438,17.19905,-21.17804,62.49905,17.57699,-21.18507,56.88459,20.93189,29.70571,55.26293,21.92128,-48.06044,69.03624,27.97985,4.09097,67.90749,28.29741,-18.43459,58.41721,50.08995,80.26628,60.82837,54.43534,-91.63411,102.92527,62.05557,51.16678,111.93081,66.72828,-63.73458,95.07334,55.85176,-33.90571,91.02611,53.89009,74.64245,95.02362,54.84271,-40.15489,87.078,51.70563,83.24207,89.46303,54.78329,-33.93945,84.99736,53.59758,77.2637,88.56472,55.12321,-35.21081,85.01955,53.67205,76.1738,76.38349,123.66903,52.63915,75.57155,132.84442,-52.76527,114.07636,68.4401,56.22028,116.8994,69.98284,-49.71238,154.9155,122.99451,48.89194,156.91355,129.55065,-5.26748,151.72057,135.56333,47.23238,152.60462,141.76587,1.1058,182.75675,133.68158,43.3603,187.29612,141.26772,9.48923
sit-ups_0 (1).jpg,situp-up,215.30434,169.39849,53.96813,209.9773,159.89105,68.29514,208.91416,159.73747,68.17924,207.67196,159.60491,68.0838,208.37909,159.96858,30.72433,206.23419,160.02318,30.68069,203.75978,160.1389,30.68832,190.04615,166.7365,136.59667,182.85522,169.06658,-35.25521,213.62405,182.1168,79.35439,211.45909,182.80666,29.39164,194.49039,223.84307,203.99451,182.45127,228.4701,-107.59965,259.29344,164.12139,347.14883,260.76517,155.93257,-152.62551,177.10942,131.74842,431.63021,175.46806,136.22213,-6.38,155.97671,124.06489,439.69939,154.23884,128.52062,-10.83572,152.04269,133.16663,453.3032,151.63168,137.44791,-19.52932,159.92103,139.29887,434.38718,159.63996,143.87682,-8.42385,299.09122,352.07766,113.31468,298.5719,370.41597,-113.12034,434.26637,270.27463,93.8156,441.84794,279.11201,-129.85921,560.48473,363.45769,88.01861,571.76591,370.66403,-65.17591,570.99846,384.81568,83.39145,579.57195,393.08103,-52.56054,628.65587,350.85862,45.73972,635.54182,367.6864,-48.65646
situps2_large (1).jpg,situp-up,184.85633,59.44191,0.65788,189.72054,51.67655,-13.27537,191.11434,51.73239,-13.23567,192.68953,51.85165,-13.2672,188.74186,51.39735,7.33749,189.41609,51.21879,7.30363,190.21901,51.05984,7.30532,204.05043,56.66292,-43.02651,201.27774,55.40474,47.50758,188.86887,69.37846,-10.19044,187.59379,69.35965,15.96296,211.80689,101.47549,-104.11926,207.6348,93.91156,101.93455,134.22173,134.78013,-77.02322,142.10166,121.43898,30.01931,157.78384,105.09685,66.85271,162.40091,103.48085,-108.24691,160.66059,95.09594,74.47234,170.5959,94.83533,-120.11118,168.26372,97.84476,65.53955,174.62133,96.91097,-107.1126,169.17814,100.38064,68.35647,175.34189,98.79703,-107.33388,196.0419,210.29351,-67.47945,189.77691,192.89111,67.4121,120.52698,139.14979,-81.63312,124.58699,127.6883,66.2041,61.00148,211.39512,-55.16549,64.86459,193.61529,52.73226,62.12487,229.05813,-51.32109,65.68996,209.59943,48.90091,18.59444,211.44585,-61.74001,30.12353,192.21529,37.6093
stock-photo-sporty-young-female-athlete-on-yoga-mat-doing-situps-in-gym-fitness-woman-doing-abs-crunches-2050451894.jpg,situp-up,693.23602,156.01478,90.07493,711.53504,138.88951,59.15295,718.48298,138.39128,59.53683,725.31183,137.92215,59.51613,697.17249,137.67267,106.17201,694.26414,136.6779,106.22965,691.51019,135.62397,106.17465,758.50207,142.93916,31.8777,720.28707,137.801,250.7158,707.02454,179.61711,84.34271,692.29694,177.89791,147.37793,816.9326,255.81994,-10.5429,699.90032,217.11488,353.18491,745.02538,182.735,-90.3666,570.03766,131.51226,469.21518,773.20463,151.4288,78.11574,694.60059,128.185,648.77999,783.21844,143.33736,92.06962,718.53227,126.37152,652.10024,791.87266,160.58284,85.61143,721.05772,136.95889,718.84286,782.82682,161.97436,76.85106,712.75543,142.3206,671.61387,628.639,486.16101,-166.47748,585.17562,448.11003,165.95792,388.91512,315.26716,-246.17002,349.97078,287.31286,63.89795,175.91992,536.2105,-292.07625,163.36358,511.35091,-27.65369,185.63111,579.3598,-284.91666,165.92175,556.35237,-41.80387,48.01606,594.62744,-320.94748,48.2456,582.83693,-134.32878
